Name,Description
BriscolaMasters,"Il clan degli esperti di briscola, pronti a sfidare chiunque!"
CardSharks,"I giocatori pi√π abili con le carte, pronti a dominare il tavolo da gioco."
TrickMasters,"Maestri nel fare trick e sorprendere gli avversari con mosse straordinarie."
LuckyAces,"Il clan fortunato che sempre pesca le carte giuste al momento giusto."
RoyalTrumpers,"I giocatori che regnano sovrani con le carte di briscola, sempre pronti a mostrare il proprio stile regale."
SneakyJacks,"Mestieri nell'arte dell'inganno, pronti a svelare le carte vincenti solo al momento opportuno."
AceStrategists,"Strateghi astuti che pianificano ogni mossa con precisione, conquistando vittorie strategiche."
BriscolaWarriors,"Veri guerrieri del tavolo da gioco, pronti a combattere fino all'ultima carta."
TrumpChampions,"Campioni indiscussi nel dominio delle carte di briscola, sempre in cima alla classifica."
MasterDealers,"Abili dealer che sanno come distribuire le carte per ottenere il massimo vantaggio."
